# time,x(N),y(E),z(D),psi,xd(N),yd(E),zd(D),psid,xdd(N),ydd(E),zdd(D),psidd
0.000000000000000000e+00,0.000000000000000000e+00,0.000000000000000000e+00,-1.500000000000000000e+00,0.000000000000000000e+00,-0.000000000000000000e+00,0.000000000000000000e+00,0.000000000000000000e+00,0.000000000000000000e+00,-0.000000000000000000e+00,0.000000000000000000e+00,0.000000000000000000e+00,0.000000000000000000e+00
5.000000000000000278e-02,0.000000000000000000e+00,3.649552666104730994e-09,-1.500000000000000000e+00,0.000000000000000000e+00,-8.849778346606055434e-16,3.637340993376458434e-07,0.000000000000000000e+00,0.000000000000000000e+00,-1.586441201363775503e-13,2.895250318345884494e-05,0.000000000000000000e+00,0.000000000000000000e+00
1.000000000000000056e-01,-4.440892098500626162e-15,1.148443931423893242e-07,-1.500000000000000000e+00,0.000000000000000000e+00,-4.366877340947255054e-13,5.703644585678189808e-06,0.000000000000000000e+00,0.000000000000000000e+00,-3.897877758175672169e-11,2.258412805642256418e-04,0.000000000000000000e+00,0.000000000000000000e+00
1.500000000000000222e-01,-2.451372438372345641e-13,8.575477943884673000e-07,-1.500000000000000000e+00,0.000000000000000000e+00,-1.617665451244817996e-11,2.829577771344173121e-05,0.000000000000000000e+00,0.000000000000000000e+00,-9.585756114690329589e-10,7.430634012054741951e-04,0.000000000000000000e+00,0.000000000000000000e+00
2.000000000000000111e-01,-4.208189352539193351e-12,3.553171185094507387e-06,-1.500000000000000000e+00,0.000000000000000000e+00,-2.075682074164993898e-10,8.762660026907602689e-05,0.000000000000000000e+00,0.000000000000000000e+00,-9.185589814175783199e-09,1.716766046075894397e-03,0.000000000000000000e+00,0.000000000000000000e+00
2.500000000000000000e-01,-3.788636071533346694e-11,1.066109948389836506e-05,-1.500000000000000000e+00,0.000000000000000000e+00,-1.489707181092892189e-09,2.095994671992126770e-04,0.000000000000000000e+00,0.000000000000000000e+00,-5.251211074457354170e-08,3.267601949974436107e-03,0.000000000000000000e+00,0.000000000000000000e+00
3.000000000000000444e-01,-2.267304122227642438e-10,2.608047653825772144e-05,-1.500000000000000000e+00,0.000000000000000000e+00,-7.403002503452819946e-09,4.257784069708784669e-04,0.000000000000000000e+00,0.000000000000000000e+00,-2.165120834219054270e-07,5.501466699652946685e-03,0.000000000000000000e+00,0.000000000000000000e+00
3.500000000000000333e-01,-1.023610973760469278e-09,5.541509395118370332e-05,-1.500000000000000000e+00,0.000000000000000000e+00,-2.854499179217710070e-08,7.726683220417434337e-04,0.000000000000000000e+00,0.000000000000000000e+00,-7.124072475375636141e-07,8.510218069664104296e-03,0.000000000000000000e+00,0.000000000000000000e+00
4.000000000000000222e-01,-3.759705213823849590e-09,1.062031816708234715e-04,-1.500000000000000000e+00,0.000000000000000000e+00,-9.140771296486930669e-08,1.291030710629884016e-03,0.000000000000000000e+00,0.000000000000000000e+00,-1.987164115891456185e-06,1.237237756486294846e-02,0.000000000000000000e+00,0.000000000000000000e+00
4.500000000000000111e-01,-1.179560760178333112e-08,1.881138542284364196e-04,-1.500000000000000000e+00,0.000000000000000000e+00,-2.539830539477843522e-07,2.025234023769216518e-03,0.000000000000000000e+00,0.000000000000000000e+00,-4.885628731661235850e-06,1.715381430867125856e-02,0.000000000000000000e+00,0.000000000000000000e+00
5.000000000000000000e-01,-3.267969228559763906e-08,3.131119223623795396e-04,-1.500000000000000000e+00,0.000000000000000000e+00,-6.309492971058942188e-07,3.022637777249090503e-03,0.000000000000000000e+00,0.000000000000000000e+00,-1.087282440257571274e-05,2.290841135615123356e-02,0.000000000000000000e+00,0.000000000000000000e+00
5.500000000000000444e-01,-8.187072220167124215e-08,4.955927358056321300e-04,-1.500000000000000000e+00,0.000000000000000000e+00,-1.431605446121488073e-06,4.333009539546314390e-03,0.000000000000000000e+00,0.000000000000000000e+00,-2.232235387561871988e-05,2.967871440382837886e-02,0.000000000000000000e+00,0.000000000000000000e+00
6.000000000000000888e-01,-1.887464158301099815e-07,7.524886789703015815e-04,-1.500000000000000000e+00,0.000000000000000000e+00,-3.013955280517308698e-06,6.007973911433601120e-03,0.000000000000000000e+00,0.000000000000000000e+00,-4.287433774981292301e-05,3.749656269454944985e-02,0.000000000000000000e+00,0.000000000000000000e+00
6.500000000000000222e-01,-4.057929841039253915e-07,1.103348896696019826e-03,-1.500000000000000000e+00,0.000000000000000000e+00,-5.958447991475613777e-06,8.100492596748767524e-03,0.000000000000000000e+00,0.000000000000000000e+00,-7.786363563680001360e-05,4.638370165488878150e-02,0.000000000000000000e+00,0.000000000000000000e+00
7.000000000000000666e-01,-8.220457683449922115e-07,1.570393781484126332e-03,-1.500000000000000000e+00,0.000000000000000000e+00,-1.116485118899779549e-05,1.066437463197971933e-02,0.000000000000000000e+00,0.000000000000000000e+00,-1.348163621972780070e-04,5.635237643513099637e-02,0.000000000000000000e+00,0.000000000000000000e+00
7.500000000000000000e-01,-1.582021298407454424e-06,2.178545705793874781e-03,-1.500000000000000000e+00,0.000000000000000000e+00,-1.997556528492512226e-05,1.375381578909731610e-02,0.000000000000000000e+00,0.000000000000000000e+00,-2.240100314155087221e-04,6.740590503125540311e-02,0.000000000000000000e+00,0.000000000000000000e+00
8.000000000000000444e-01,-2.911539630057191630e-06,2.955437431801814785e-03,-1.500000000000000000e+00,0.000000000000000000e+00,-3.432839072605051395e-05,1.742296608499431868e-02,0.000000000000000000e+00,0.000000000000000000e+00,-3.590901239697201833e-04,7.953922904362298318e-02,0.000000000000000000e+00,0.000000000000000000e+00
8.500000000000000888e-01,-5.151976387063328389e-06,3.931399574958317419e-03,-1.500000000000000000e+00,0.000000000000000000e+00,-5.694134001703619668e-05,2.172552421513162038e-02,0.000000000000000000e+00,0.000000000000000000e+00,-5.577335404455664811e-04,9.273943936459612403e-02,0.000000000000000000e+00,0.000000000000000000e+00
9.000000000000000222e-01,-8.804600719169997092e-06,5.139428434811002880e-03,-1.500000000000000000e+00,0.000000000000000000e+00,-9.153155654721960733e-05,2.671435757176171891e-02,0.000000000000000000e+00,0.000000000000000000e+00,-8.423473264064760841e-04,1.069862731925114024e-01,0.000000000000000000e+00,0.000000000000000000e+00
9.500000000000000666e-01,-1.458674319732011782e-05,6.615135434669691152e-03,-1.500000000000000000e+00,0.000000000000000000e+00,-1.430697755776922742e-04,3.244114630212077688e-02,0.000000000000000000e+00,0.000000000000000000e+00,-1.240789267024247720e-03,1.222525777578526845e-01,0.000000000000000000e+00,0.000000000000000000e+00
1.000000000000000000e+00,-2.350159202202384279e-05,8.396679328237949616e-03,-1.500000000000000000e+00,0.000000000000000000e+00,-2.180710542912845144e-04,3.895604960403073469e-02,0.000000000000000000e+00,0.000000000000000000e+00,-1.787095467296427945e-03,1.385047350455022308e-01,0.000000000000000000e+00,0.000000000000000000e+00
1.050000000000000044e+00,-3.692343315275792293e-05,1.052468223358553508e-02,-1.500000000000000000e+00,0.000000000000000000e+00,-3.249217230559917503e-04,4.630739214179863117e-02,0.000000000000000000e+00,0.000000000000000000e+00,-2.522198863266090357e-03,1.557030406417604651e-01,0.000000000000000000e+00,0.000000000000000000e+00
1.100000000000000089e+00,-5.670012710523586463e-05,1.304213043990522063e-02,-1.500000000000000000e+00,0.000000000000000000e+00,-4.742416843990940128e-04,5.454136809262171565e-02,0.000000000000000000e+00,0.000000000000000000e+00,-3.494621741847740194e-03,1.738020286738567455e-01,0.000000000000000000e+00,0.000000000000000000e+00
1.150000000000000133e+00,-8.527455006901440981e-05,1.599426079749704729e-02,-1.500000000000000000e+00,0.000000000000000000e+00,-6.792803243254372627e-04,6.370175990400073207e-02,0.000000000000000000e+00,0.000000000000000000e+00,-4.761124762064991231e-03,1.927507336995563647e-01,0.000000000000000000e+00,0.000000000000000000e+00
1.200000000000000178e+00,-1.258266181747291768e-04,1.942843334359010271e-02,-1.500000000000000000e+00,0.000000000000000000e+00,-9.563434159802562239e-04,7.382966836004707656e-02,0.000000000000000000e+00,0.000000000000000000e+00,-6.387294638774792567e-03,2.124928794094835816e-01,0.000000000000000000e+00,0.000000000000000000e+00
1.250000000000000000e+00,-1.824373603831475066e-04,2.339399063347420010e-02,-1.500000000000000000e+00,0.000000000000000000e+00,-1.325247499977299679e-03,8.496325002653128122e-02,0.000000000000000000e+00,0.000000000000000000e+00,-8.448052532788866142e-03,2.329669831949660597e-01,0.000000000000000000e+00,0.000000000000000000e+00
1.300000000000000044e+00,-2.602763072376834685e-04,2.794210403596236042e-02,-1.500000000000000000e+00,0.000000000000000000e+00,-1.809797328609955361e-03,9.713745758215278081e-02,0.000000000000000000e+00,0.000000000000000000e+00,-1.102806524356545956e-02,2.541063650832154908e-01,0.000000000000000000e+00,0.000000000000000000e+00
1.350000000000000089e+00,-3.658132197656982498e-04,3.312560701307670080e-02,-1.500000000000000000e+00,0.000000000000000000e+00,-2.438281069882876871e-03,1.103837779616232140e-01,0.000000000000000000e+00,0.000000000000000000e+00,-1.422204147281478162e-02,2.758390493244579633e-01,0.000000000000000000e+00,0.000000000000000000e+00
1.400000000000000133e+00,-5.070548955472542474e-04,3.899881513551996248e-02,-1.500000000000000000e+00,0.000000000000000000e+00,-3.243977086559491230e-03,1.247299626533025091e-01,0.000000000000000000e+00,0.000000000000000000e+00,-1.813489566817071130e-02,2.980875471061903426e-01,0.000000000000000000e+00,0.000000000000000000e+00
1.450000000000000178e+00,-6.938074579678765730e-04,4.561733228845086391e-02,-1.500000000000000000e+00,0.000000000000000000e+00,-4.265665237385571351e-03,1.401997439324756400e-01,0.000000000000000000e+00,0.000000000000000000e+00,-2.288176221548479661e-02,3.207685095387758367e-01,0.000000000000000000e+00,0.000000000000000000e+00
1.500000000000000000e+00,-9.379641605959943007e-04,5.303784219801181699e-02,-1.500000000000000000e+00,0.000000000000000000e+00,-5.548134792086488118e-03,1.568125302964978318e-01,0.000000000000000000e+00,0.000000000000000000e+00,-2.858784298077087296e-02,3.437922412694592866e-01,0.000000000000000000e+00,0.000000000000000000e+00
1.550000000000000044e+00,-1.253818322034527810e-03,6.131788406100698030e-02,-1.500000000000000000e+00,0.000000000000000000e+00,-7.142680206321186907e-03,1.745830739286416688e-01,0.000000000000000000e+00,0.000000000000000000e+00,-3.538807137088785526e-02,3.670620668966465550e-01,0.000000000000000000e+00,0.000000000000000000e+00
1.600000000000000089e+00,-1.658400547911220713e-03,7.051561069264125625e-02,-1.500000000000000000e+00,0.000000000000000000e+00,-9.107575163587568537e-03,1.935211026849121274e-01,0.000000000000000000e+00,0.000000000000000000e+00,-4.342657615992585873e-02,3.904735448220397753e-01,0.000000000000000000e+00,0.000000000000000000e+00
1.650000000000000133e+00,-2.171838896074529401e-03,8.068952722648367604e-02,-1.500000000000000000e+00,0.000000000000000000e+00,-1.150851445327243441e-02,2.136309089059238719e-01,0.000000000000000000e+00,0.000000000000000000e+00,-5.285592830558318717e-02,4.139135263335427806e-01,0.000000000000000000e+00,0.000000000000000000e+00
1.700000000000000178e+00,-2.817740098525423065e-03,9.189820801470170719e-02,-1.500000000000000000e+00,0.000000000000000000e+00,-1.441901241272372687e-02,2.349108873393432606e-01,0.000000000000000000e+00,0.000000000000000000e+00,-6.383615386513910583e-02,4.372590615834738292e-01,0.000000000000000000e+00,0.000000000000000000e+00
1.750000000000000000e+00,-3.623589368810797851e-03,1.041999889948096447e-01,-1.500000000000000000e+00,0.000000000000000000e+00,-1.792074581246325474e-02,2.573530146536141539e-01,0.000000000000000000e+00,0.000000000000000000e+00,-7.653349594465769234e-02,4.603761587281435808e-01,0.000000000000000000e+00,0.000000000000000000e+00
1.800000000000000044e+00,-4.621165696165663306e-03,1.176526324231884219e-01,-1.500000000000000000e+00,0.000000000000000000e+00,-2.210382820567173209e-02,2.809422634672388286e-01,0.000000000000000000e+00,0.000000000000000000e+00,-9.111890843341483026e-02,4.831184078253880076e-01,0.000000000000000000e+00,0.000000000000000000e+00
1.850000000000000089e+00,-5.846968857118328700e-03,1.323129605387886321e-01,-1.500000000000000000e+00,0.000000000000000000e+00,-2.706700189752913113e-02,3.056559445458655877e-01,0.000000000000000000e+00,0.000000000000000000e+00,-1.077662641707920615e-01,5.053254871293313411e-01,0.000000000000000000e+00,0.000000000000000000e+00
1.900000000000000133e+00,-7.342653661374320961e-03,1.482364544278221563e-01,-1.500000000000000000e+00,0.000000000000000000e+00,-3.291773282337807222e-02,3.314629718666919911e-01,0.000000000000000000e+00,0.000000000000000000e+00,-1.266502602757468843e-01,5.268215761419650089e-01,0.000000000000000000e+00,0.000000000000000000e+00
1.950000000000000178e+00,-9.155466191787864361e-03,1.654768141286699912e-01,-1.500000000000000000e+00,0.000000000000000000e+00,-3.977219276973145007e-02,3.583230466487903332e-01,0.000000000000000000e+00,0.000000000000000000e+00,-1.479440037783987527e-01,5.474137071245985808e-01,0.000000000000000000e+00,0.000000000000000000e+00
2.000000000000000000e+00,-1.133867599916671409e-02,1.840854758640294297e-01,-1.500000000000000000e+00,0.000000000000000000e+00,-4.775511254924316024e-02,3.861857582282864909e-01,0.000000000000000000e+00,0.000000000000000000e+00,-1.718162615953479078e-01,5.668900946619880310e-01,0.000000000000000000e+00,0.000000000000000000e+00
2.050000000000000266e+00,-1.395199737384422711e-02,2.041110822341918318e-01,-1.500000000000000000e+00,0.000000000000000000e+00,-5.699948897920065899e-02,4.149896018436938783e-01,0.000000000000000000e+00,0.000000000000000000e+00,-1.984283604756470476e-01,5.850184912053626451e-01,0.000000000000000000e+00,0.000000000000000000e+00
2.100000000000000089e+00,-1.706199194139434994e-02,2.255989012720915621e-01,-1.500000000000000000e+00,0.000000000000000000e+00,-6.764612785224387304e-02,4.446609160081671508e-01,0.000000000000000000e+00,0.000000000000000000e+00,-2.279307250238065130e-01,6.015446251657841081e-01,0.000000000000000000e+00,0.000000000000000000e+00
2.149999999999999911e+00,-2.074244392580659735e-02,2.485901904689810094e-01,-1.500000000000000000e+00,0.000000000000000000e+00,-7.984300457816330410e-02,4.751127451935879820e-01,0.000000000000000000e+00,0.000000000000000000e+00,-2.604590455051541409e-01,6.161907869209712896e-01,0.000000000000000000e+00,0.000000000000000000e+00
2.200000000000000178e+00,-2.507469849891852398e-02,2.731215022511842005e-01,-1.500000000000000000e+00,0.000000000000000000e+00,-9.374442387853657022e-02,5.062436370386369511e-01,0.000000000000000000e+00,0.000000000000000000e+00,-2.961300720891780203e-01,6.286546368338801205e-01,0.000000000000000000e+00,0.000000000000000000e+00
2.250000000000000000e+00,-3.014795270236159119e-02,2.992239279451777145e-01,-1.500000000000000000e+00,0.000000000000000000e+00,-1.095099599049622618e-01,5.379363872105908939e-01,0.000000000000000000e+00,0.000000000000000000e+00,-3.350370387169058217e-01,6.386083178148200812e-01,0.000000000000000000e+00,0.000000000000000000e+00
2.300000000000000266e+00,-3.605948750406495762e-02,3.269222780312451282e-01,-1.500000000000000000e+00,0.000000000000000000e+00,-1.273031585111729924e-01,5.700567493763345484e-01,0.000000000000000000e+00,0.000000000000000000e+00,-3.772447281027038746e-01,6.456979627997486704e-01,0.000000000000000000e+00,0.000000000000000000e+00
2.350000000000000089e+00,-4.291482865634232979e-02,3.562341974746727757e-01,-1.500000000000000000e+00,0.000000000000000000e+00,-1.472899842338296905e-01,6.024521324340648132e-01,0.000000000000000000e+00,0.000000000000000000e+00,-4.227841996842832684e-01,6.495436944255258416e-01,0.000000000000000000e+00,0.000000000000000000e+00
2.400000000000000355e+00,-5.082782318255274490e-02,3.871692161551339995e-01,-1.500000000000000000e+00,0.000000000000000000e+00,-1.696369959290301987e-01,6.349503121672327444e-01,0.000000000000000000e+00,0.000000000000000000e+00,-4.716472147582552732e-01,6.497402197679320590e-01,0.000000000000000000e+00,0.000000000000000000e+00
2.450000000000000178e+00,-5.992061756531952277e-02,4.197277359033467770e-01,-1.500000000000000000e+00,0.000000000000000000e+00,-1.945092370797767978e-01,6.673581897294206255e-01,0.000000000000000000e+00,0.000000000000000000e+00,-5.237804076620160565e-01,6.458581268297203248e-01,0.000000000000000000e+00,0.000000000000000000e+00
2.500000000000000000e+00,-7.032352307793954260e-02,4.538999574088161681e-01,-1.500000000000000000e+00,0.000000000000000000e+00,-2.220678296442371857e-01,6.994606347529361834e-01,0.000000000000000000e+00,0.000000000000000000e+00,-5.790792686863108774e-01,6.374459910371116367e-01,0.000000000000000000e+00,0.000000000000000000e+00
2.550000000000000266e+00,-8.217475323385459163e-02,4.896647522872348279e-01,-1.500000000000000000e+00,0.000000000000000000e+00,-2.524672640635720056e-01,7.310194562694055653e-01,0.000000000000000000e+00,0.000000000000000000e+00,-6.373820233280744763e-01,6.240333987977659813e-01,0.000000000000000000e+00,0.000000000000000000e+00
2.600000000000000089e+00,-9.562001807427722433e-02,5.269884878878348111e-01,-1.500000000000000000e+00,0.000000000000000000e+00,-2.858523827916251703e-01,7.617725498849449162e-01,0.000000000000000000e+00,0.000000000000000000e+00,-6.984635133041119381e-01,6.051349906372522902e-01,0.000000000000000000e+00,0.000000000000000000e+00
2.650000000000000355e+00,-1.108119600231045609e-01,5.658238149681856788e-01,-1.500000000000000000e+00,0.000000000000000000e+00,-3.223550605329660312e-01,7.914332745849580464e-01,0.000000000000000000e+00,0.000000000000000000e+00,-7.620292070912428883e-01,5.802556179987052865e-01,0.000000000000000000e+00,0.000000000000000000e+00
2.700000000000000178e+00,-1.279094163669556306e-01,6.061084311453944773e-01,-1.500000000000000000e+00,0.000000000000000000e+00,-3.620905913454031677e-01,8.196901169453786329e-01,0.000000000000000000e+00,0.000000000000000000e+00,-8.277094911344657913e-01,5.488966949062294987e-01,0.000000000000000000e+00,0.000000000000000000e+00
2.750000000000000000e+00,-1.470764941247932889e-01,6.477638360161359632e-01,-1.500000000000000000e+00,0.000000000000000000e+00,-4.051538009137857221e-01,8.462067041626110120e-01,0.000000000000000000e+00,0.000000000000000000e+00,-8.950544166043981065e-01,5.105638078391201429e-01,0.000000000000000000e+00,0.000000000000000000e+00
2.800000000000000266e+00,-1.684814442153175218e-01,6.906940969785924089e-01,-1.500000000000000000e+00,0.000000000000000000e+00,-4.516149116315038570e-01,8.706222299233650208e-01,0.000000000000000000e+00,0.000000000000000000e+00,-9.635290998496772730e-01,4.647756238948189123e-01,0.000000000000000000e+00,0.000000000000000000e+00
2.850000000000000089e+00,-1.922953234691058277e-01,7.347846480290871618e-01,-1.500000000000000000e+00,0.000000000000000000e+00,-5.015151985863931516e-01,8.925523584384750242e-01,0.000000000000000000e+00,0.000000000000000000e+00,-1.032509996468071289e+00,4.110741082971068328e-01,0.000000000000000000e+00,0.000000000000000000e+00
2.900000000000000355e+00,-2.186904352205225610e-01,7.799011470722595485e-01,-1.500000000000000000e+00,0.000000000000000000e+00,-5.548624860355351185e-01,9.115906716685201472e-01,0.000000000000000000e+00,0.000000000000000000e+00,-1.101282288035073886e+00,3.490360273489232501e-01,0.000000000000000000e+00,0.000000000000000000e+00
2.950000000000000178e+00,-2.478385419992230609e-01,8.258884204887294578e-01,-1.500000000000000000e+00,0.000000000000000000e+00,-6.116265463031475003e-01,9.273107225764527506e-01,0.000000000000000000e+00,0.000000000000000000e+00,-1.169038635657054126e+00,2.782856720519101823e-01,0.000000000000000000e+00,0.000000000000000000e+00
3.000000000000000000e+00,-2.799088472601827249e-01,8.725695267461632820e-01,-1.500000000000000000e+00,0.000000000000000000e+00,-6.717344760123323821e-01,9.392687528628129723e-01,0.000000000000000000e+00,0.000000000000000000e+00,-1.234879564215186409e+00,1.985086910793667503e-01,0.000000000000000000e+00,0.000000000000000000e+00
3.050000000000000266e+00,-3.150657471684925603e-01,9.197449736022684785e-01,-1.500000000000000000e+00,0.000000000000000000e+00,-7.350661378557062919e-01,9.470071268021386102e-01,0.000000000000000000e+00,0.000000000000000000e+00,-1.297815743917936748e+00,1.094668701497679697e-01,0.000000000000000000e+00,0.000000000000000000e+00
3.100000000000000089e+00,-3.534663581972590229e-01,9.671921258025957258e-01,-1.500000000000000000e+00,0.000000000000000000e+00,-8.014497693359843300e-01,9.500585232703790961e-01,0.000000000000000000e+00,0.000000000000000000e+00,-1.356772430044715039e+00,1.101363899182539186e-02,0.000000000000000000e+00,0.000000000000000000e+00
3.150000000000000355e+00,-3.952578316891612875e-01,1.014664841982743759e+00,-1.500000000000000000e+00,0.000000000000000000e+00,-8.706578726034751581e-01,9.479509156514394075e-01,0.000000000000000000e+00,0.000000000000000000e+00,-1.410596306051361548e+00,-9.688997172727797924e-02,0.000000000000000000e+00,0.000000000000000000e+00
3.200000000000000178e+00,-4.405744725350024815e-01,1.061893380596899750e+00,-1.500000000000000000e+00,0.000000000000000000e+00,-9.424035111495430161e-01,9.402133539275450147e-01,0.000000000000000000e+00,0.000000000000000000e+00,-1.458064948160451957e+00,-2.141592612807576845e-01,0.000000000000000000e+00,0.000000000000000000e+00
3.250000000000000000e+00,-4.895346856680797831e-01,1.108584614962743409e+00,-1.500000000000000000e+00,0.000000000000000000e+00,-1.016337149087304104e+00,9.263825448761293657e-01,0.000000000000000000e+00,0.000000000000000000e+00,-1.497899090042689174e+00,-3.405700747716834398e-01,0.000000000000000000e+00,0.000000000000000000e+00
3.300000000000000266e+00,-5.422377810624331440e-01,1.154422596788450051e+00,-1.500000000000000000e+00,0.000000000000000000e+00,-1.092044176417749313e+00,9.060102050093339354e-01,0.000000000000000000e+00,0.000000000000000000e+00,-1.528777813403105590e+00,-4.757437575540970354e-01,0.000000000000000000e+00,0.000000000000000000e+00
3.350000000000000089e+00,-5.987606752239384988e-01,1.199069505690637083e+00,-1.500000000000000000e+00,0.000000000000000000e+00,-1.169043268366119603e+00,8.786711369241592129e-01,0.000000000000000000e+00,0.000000000000000000e+00,-1.549356723844144801e+00,-6.191333521684296848e-01,0.000000000000000000e+00,0.000000000000000000e+00
3.400000000000000355e+00,-6.591545346097726910e-01,1.242167019097146996e+00,-1.500000000000000000e+00,0.000000000000000000e+00,-1.246785727898870766e+00,8.439719534487415409e-01,0.000000000000000000e+00,0.000000000000000000e+00,-1.558289091451496633e+00,-7.700115833711003166e-01,0.000000000000000000e+00,0.000000000000000000e+00
3.450000000000000178e+00,-7.234414138042352116e-01,1.283338132452096714e+00,-1.500000000000000000e+00,0.000000000000000000e+00,-1.324655957238788595e+00,8.015603458954714267e-01,0.000000000000000000e+00,0.000000000000000000e+00,-1.554249842936575643e+00,-9.274612063932342609e-01,0.000000000000000000e+00,0.000000000000000000e+00
3.500000000000000000e+00,-7.916109483861949458e-01,1.322189453729568198e+00,-1.500000000000000000e+00,0.000000000000000000e+00,-1.401973195985364962e+00,7.511347635474172613e-01,0.000000000000000000e+00,0.000000000000000000e+00,-1.535962188386668981e+00,-1.090368307853577967e+00,0.000000000000000000e+00,0.000000000000000000e+00
3.550000000000000266e+00,-8.636171689864182710e-01,1.358313988881487910e+00,-1.500000000000000000e+00,0.000000000000000000e+00,-1.477994649814626804e+00,6.924543420527371484e-01,0.000000000000000000e+00,0.000000000000000000e+00,-1.502226553007817600e+00,-1.257419144661758192e+00,0.000000000000000000e+00,0.000000000000000000e+00
3.600000000000000089e+00,-9.393755087708091089e-01,1.391294426005513341e+00,-1.500000000000000000e+00,0.000000000000000000e+00,-1.551920114306952758e+00,6.253488896736478786e-01,0.000000000000000000e+00,0.000000000000000000e+00,-1.451951365782716774e+00,-1.427101080952103640e+00,0.000000000000000000e+00,0.000000000000000000e+00
3.650000000000000355e+00,-1.018760081202763068e+00,1.420706915783839230e+00,-1.500000000000000000e+00,0.000000000000000000e+00,-1.622898173036809499e+00,5.497287134535552289e-01,0.000000000000000000e+00,0.000000000000000000e+00,-1.384185136577078978e+00,-1.597708134237153299e+00,0.000000000000000000e+00,0.000000000000000000e+00
3.700000000000000178e+00,-1.101601308134335877e+00,1.446125334236188387e+00,-1.500000000000000000e+00,0.000000000000000000e+00,-1.690034017670395405e+00,4.655940435508546527e-01,0.000000000000000000e+00,0.000000000000000000e+00,-1.298149135506173169e+00,-1.767351567899123399e+00,0.000000000000000000e+00,0.000000000000000000e+00
3.750000000000000000e+00,-1.187683979758678676e+00,1.467126001235280031e+00,-1.500000000000000000e+00,0.000000000000000000e+00,-1.752398900717202057e+00,3.730437945251118270e-01,0.000000000000000000e+00,0.000000000000000000e+00,-1.193269878522072558e+00,-1.933975867066422216e+00,0.000000000000000000e+00,0.000000000000000000e+00
3.800000000000000266e+00,-1.276745827451608362e+00,1.483292814800817760e+00,-1.500000000000000000e+00,0.000000000000000000e+00,-1.809041189302722952e+00,2.722833885485866912e-01,0.000000000000000000e+00,0.000000000000000000e+00,-1.069210526848006104e+00,-2.095380309139562414e+00,0.000000000000000000e+00,0.000000000000000000e+00
3.850000000000000089e+00,-1.368476687798654945e+00,1.494222747232683224e+00,-1.500000000000000000e+00,0.000000000000000000e+00,-1.858998941694067986e+00,1.636313586064854220e-01,0.000000000000000000e+00,0.000000000000000000e+00,-9.259002309387607266e-01,-2.249246190250007604e+00,0.000000000000000000e+00,0.000000000000000000e+00
3.900000000000000355e+00,-1.462518330954484691e+00,1.499531635039942135e+00,-1.500000000000000000e+00,0.000000000000000000e+00,-1.901313878434000681e+00,4.752445088709982696e-02,0.000000000000000000e+00,0.000000000000000000e+00,-7.635603979095018090e-01,-2.393169597606767507e+00,0.000000000000000000e+00,0.000000000000000000e+00
3.950000000000000178e+00,-1.558465018785779588e+00,1.498860180796854236e+00,-1.500000000000000000e+00,0.000000000000000000e+00,-1.935046568221115537e+00,-7.547904428434429325e-02,0.000000000000000000e+00,0.000000000000000000e+00,-5.827268403208357705e-01,-2.524699429245569782e+00,0.000000000000000000e+00,0.000000000000000000e+00
4.000000000000000000e+00,-1.655864847955003549e+00,1.491880071980306255e+00,-1.500000000000000000e+00,0.000000000000000000e+00,-1.959292596772161055e+00,-2.046979837259252921e-01,0.000000000000000000e+00,0.000000000000000000e+00,-3.842667786191079071e-01,-2.641380162750309513e+00,0.000000000000000000e+00,0.000000000000000000e+00
4.049999999999999822e+00,-1.754221920247819977e+00,1.478300110013359703e+00,-1.500000000000000000e+00,0.000000000000000000e+00,-1.973199436688485298e+00,-3.393293056186877932e-01,0.000000000000000000e+00,0.000000000000000000e+00,-1.693897231597090158e-01,-2.740798669936314713e+00,0.000000000000000000e+00,0.000000000000000000e+00
4.100000000000000533e+00,-1.852999367165677036e+00,1.457872232666714618e+00,-1.500000000000000000e+00,0.000000000000000000e+00,-1.975983689849759584e+00,-4.784513871773051208e-01,0.000000000000000000e+00,0.000000000000000000e+00,6.034864302338016628e-02,-2.820634173219535690e+00,0.000000000000000000e+00,0.000000000000000000e+00
4.150000000000000355e+00,-1.951623238335573163e+00,1.430397305155211241e+00,-1.500000000000000000e+00,0.000000000000000000e+00,-1.966948333179900699e+00,-6.210299562701382392e-01,0.000000000000000000e+00,0.000000000000000000e+00,3.030503219709140827e-01,-2.878710250191731657e+00,0.000000000000000000e+00,0.000000000000000000e+00
4.200000000000000178e+00,-2.049487243975129491e+00,1.395730550181021323e+00,-1.500000000000000000e+00,0.000000000000000000e+00,-1.945499565868452629e+00,-7.659266285066398394e-01,0.000000000000000000e+00,0.000000000000000000e+00,5.564871616218716177e-01,-2.913047624969888894e+00,0.000000000000000000e+00,0.000000000000000000e+00
4.250000000000000000e+00,-2.145958320938390340e+00,1.353786485237038928e+00,-1.500000000000000000e+00,0.000000000000000000e+00,-1.911162833270746209e+00,-9.119100746549924086e-01,0.000000000000000000e+00,0.000000000000000000e+00,8.181216656202696669e-01,-2.921916347386746438e+00,0.000000000000000000e+00,0.000000000000000000e+00
4.299999999999999822e+00,-2.240382970297482679e+00,1.304543237034892833e+00,-1.500000000000000000e+00,0.000000000000000000e+00,-1.863597591522251573e+00,-1.057669750668122077e+00,0.000000000000000000e+00,0.000000000000000000e+00,1.085136548840624382e+00,-2.903885862769298942e+00,0.000000000000000000e+00,0.000000000000000000e+00
4.350000000000000533e+00,-2.332094292608122288e+00,1.248046108206338989e+00,-1.500000000000000000e+00,0.000000000000000000e+00,-1.802610378836523308e+00,-1.201832046238832552e+00,0.000000000000000000e+00,0.000000000000000000e+00,1.354472861080100010e+00,-2.857871423664371413e+00,0.000000000000000000e+00,0.000000000000000000e+00
4.400000000000000355e+00,-2.420419625647136641e+00,1.184410280571552843e+00,-1.500000000000000000e+00,0.000000000000000000e+00,-1.728165775541337545e+00,-1.342978630185790445e+00,0.000000000000000000e+00,0.000000000000000000e+00,1.622876211289673076e+00,-2.783175296680537425e+00,0.000000000000000000e+00,0.000000000000000000e+00
4.450000000000000178e+00,-2.504688669220323405e+00,1.113822552267772714e+00,-1.500000000000000000e+00,0.000000000000000000e+00,-1.640394865667413216e+00,-1.479666694867775023e+00,0.000000000000000000e+00,0.000000000000000000e+00,1.886950329745003430e+00,-2.679521276935928675e+00,0.000000000000000000e+00,0.000000000000000000e+00
4.500000000000000000e+00,-2.584241963354309668e+00,1.036542022737907187e+00,-1.500000000000000000e+00,0.000000000000000000e+00,-1.539600858285664398e+00,-1.610450730169495914e+00,0.000000000000000000e+00,0.000000000000000000e+00,2.143216917725602855e+00,-2.547081141384664349e+00,0.000000000000000000e+00,0.000000000000000000e+00
4.549999999999999822e+00,-2.658439570523203344e+00,9.528996596945641384e-01,-1.500000000000000000e+00,0.000000000000000000e+00,-1.426261586120879610e+00,-1.733905393364513881e+00,0.000000000000000000e+00,0.000000000000000000e+00,2.388180466211630826e+00,-2.386491849835912227e+00,0.000000000000000000e+00,0.000000000000000000e+00
4.600000000000000533e+00,-2.726669800187568882e+00,8.632967052571143274e-01,-1.500000000000000000e+00,0.000000000000000000e+00,-1.301028670946597909e+00,-1.848648987201970018e+00,0.000000000000000000e+00,0.000000000000000000e+00,2.618396489443014286e+00,-2.198862535245847294e+00,0.000000000000000000e+00,0.000000000000000000e+00
4.650000000000000355e+00,-2.788357805426031621e+00,7.682019039274892158e-01,-1.500000000000000000e+00,0.000000000000000000e+00,-1.164723227965070107e+00,-1.953367017496277169e+00,0.000000000000000000e+00,0.000000000000000000e+00,2.830541427848402680e+00,-1.985770606469922317e+00,0.000000000000000000e+00,0.000000000000000000e+00
4.700000000000000178e+00,-2.842973877294922236e+00,6.681475622221808575e-01,-1.500000000000000000e+00,0.000000000000000000e+00,-1.018328072310031640e+00,-2.046835275549055311e+00,0.000000000000000000e+00,0.000000000000000000e+00,3.021482338422329939e+00,-1.749246608025233130e+00,0.000000000000000000e+00,0.000000000000000000e+00
4.750000000000000000e+00,-2.890041263098026114e+00,5.637244778123838840e-01,-1.500000000000000000e+00,0.000000000000000000e+00,-8.629764870087996975e-01,-2.127941881609840546e+00,0.000000000000000000e+00,0.000000000000000000e+00,3.188344417686360899e+00,-1.491747831051013495e+00,0.000000000000000000e+00,0.000000000000000000e+00
4.800000000000000711e+00,-2.929143340167732035e+00,4.555758040702093670e-01,-1.500000000000000000e+00,0.000000000000000000e+00,-6.999377098678262188e-01,-2.195707734372343456e+00,0.000000000000000000e+00,0.000000000000000000e+00,3.328574398933279888e+00,-1.216121034171197657e+00,0.000000000000000000e+00,0.000000000000000000e+00
4.850000000000000533e+00,-2.959929987058861123e+00,3.443899430679038254e-01,-1.500000000000000000e+00,0.000000000000000000e+00,-5.305993932377721656e-01,-2.249304838586194677e+00,0.000000000000000000e+00,0.000000000000000000e+00,3.439997934534571034e+00,-9.255549976415711200e-01,0.000000000000000000e+00,0.000000000000000000e+00
4.900000000000000355e+00,-2.982123009064257424e+00,2.308925854208204176e-01,-1.500000000000000000e+00,0.000000000000000000e+00,-3.564473818382655756e-01,-2.288072027866720148e+00,0.000000000000000000e+00,0.000000000000000000e+00,3.520869215405211250e+00,-6.235239836957279236e-01,0.000000000000000000e+00,0.000000000000000000e+00
4.950000000000000178e+00,-2.995520494324529270e+00,1.158380380329169790e-01,-1.500000000000000000e+00,0.000000000000000000e+00,-1.790432362452491488e-01,-2.311527661568905323e+00,0.000000000000000000e+00,0.000000000000000000e+00,3.569911289567055057e+00,-3.137234952565171597e-01,0.000000000000000000e+00,0.000000000000000000e+00
5.000000000000000000e+00,-3.000000000000000000e+00,-3.778593042230825096e-14,-1.500000000000000000e+00,0.000000000000000000e+00,5.842659445076619482e-14,-2.319378951283094903e+00,0.000000000000000000e+00,0.000000000000000000e+00,3.586345813103379410e+00,9.034227557617387987e-14,0.000000000000000000e+00,0.000000000000000000e+00
5.050000000000000711e+00,-2.995520494324523497e+00,-1.158380380329916692e-01,-1.500000000000000000e+00,0.000000000000000000e+00,1.790432362453643622e-01,-2.311527661568893333e+00,0.000000000000000000e+00,0.000000000000000000e+00,3.569911289567029744e+00,3.137234952566964052e-01,0.000000000000000000e+00,0.000000000000000000e+00
5.100000000000000533e+00,-2.982123009064245878e+00,-2.308925854208944417e-01,-1.500000000000000000e+00,0.000000000000000000e+00,3.564473818383803172e-01,-2.288072027866705938e+00,0.000000000000000000e+00,0.000000000000000000e+00,3.520869215405191710e+00,6.235239836959015625e-01,0.000000000000000000e+00,0.000000000000000000e+00
5.150000000000000355e+00,-2.959929987058842471e+00,-3.443899430679818741e-01,-1.500000000000000000e+00,0.000000000000000000e+00,5.305993932378901823e-01,-2.249304838586156929e+00,0.000000000000000000e+00,0.000000000000000000e+00,3.439997934534493762e+00,9.255549976417444258e-01,0.000000000000000000e+00,0.000000000000000000e+00
5.200000000000000178e+00,-2.929143340167708054e+00,-4.555758040702845291e-01,-1.500000000000000000e+00,0.000000000000000000e+00,6.999377098679394615e-01,-2.195707734372299935e+00,0.000000000000000000e+00,0.000000000000000000e+00,3.328574398933193290e+00,1.216121034171371740e+00,0.000000000000000000e+00,0.000000000000000000e+00
5.250000000000000000e+00,-2.890041263097998581e+00,-5.637244778124513855e-01,-1.500000000000000000e+00,0.000000000000000000e+00,8.629764870088982853e-01,-2.127941881609786812e+00,0.000000000000000000e+00,0.000000000000000000e+00,3.188344417686252097e+00,1.491747831051154716e+00,0.000000000000000000e+00,0.000000000000000000e+00
5.300000000000000711e+00,-2.842973877294890706e+00,-6.681475622222448063e-01,-1.500000000000000000e+00,0.000000000000000000e+00,1.018328072310125121e+00,-2.046835275548998911e+00,0.000000000000000000e+00,0.000000000000000000e+00,3.021482338422217584e+00,1.749246608025375016e+00,0.000000000000000000e+00,0.000000000000000000e+00
5.350000000000000533e+00,-2.788357805425996094e+00,-7.682019039275489458e-01,-1.500000000000000000e+00,0.000000000000000000e+00,1.164723227965150487e+00,-1.953367017496206115e+00,0.000000000000000000e+00,0.000000000000000000e+00,2.830541427848253466e+00,1.985770606470034449e+00,0.000000000000000000e+00,0.000000000000000000e+00
5.400000000000000355e+00,-2.726669800187531578e+00,-8.632967052571679512e-01,-1.500000000000000000e+00,0.000000000000000000e+00,1.301028670946672738e+00,-1.848648987201904514e+00,0.000000000000000000e+00,0.000000000000000000e+00,2.618396489442896602e+00,2.198862535245937000e+00,0.000000000000000000e+00,0.000000000000000000e+00
5.450000000000000178e+00,-2.658439570523160711e+00,-9.528996596946159858e-01,-1.500000000000000000e+00,0.000000000000000000e+00,1.426261586120947777e+00,-1.733905393364438385e+00,0.000000000000000000e+00,0.000000000000000000e+00,2.388180466211484720e+00,2.386491849835995271e+00,0.000000000000000000e+00,0.000000000000000000e+00
5.500000000000000000e+00,-2.584241963354262150e+00,-1.036542022737956703e+00,-1.500000000000000000e+00,0.000000000000000000e+00,1.539600858285733231e+00,-1.610450730169420641e+00,0.000000000000000000e+00,0.000000000000000000e+00,2.143216917725464743e+00,2.547081141384756275e+00,0.000000000000000000e+00,0.000000000000000000e+00
5.550000000000000711e+00,-2.504688669220271002e+00,-1.113822552267820232e+00,-1.500000000000000000e+00,0.000000000000000000e+00,1.640394865667478497e+00,-1.479666694867693533e+00,0.000000000000000000e+00,0.000000000000000000e+00,1.886950329744860433e+00,2.679521276936007723e+00,0.000000000000000000e+00,0.000000000000000000e+00
5.600000000000000533e+00,-2.420419625647071360e+00,-1.184410280571603913e+00,-1.500000000000000000e+00,0.000000000000000000e+00,1.728165775541396165e+00,-1.342978630185682531e+00,0.000000000000000000e+00,0.000000000000000000e+00,1.622876211289474790e+00,2.783175296680587163e+00,0.000000000000000000e+00,0.000000000000000000e+00
5.650000000000000355e+00,-2.332094292608065444e+00,-1.248046108206376514e+00,-1.500000000000000000e+00,0.000000000000000000e+00,1.802610378836556393e+00,-1.201832046238736851e+00,0.000000000000000000e+00,0.000000000000000000e+00,1.354472861079925261e+00,2.857871423664374966e+00,0.000000000000000000e+00,0.000000000000000000e+00
5.700000000000000178e+00,-2.240382970297418730e+00,-1.304543237034929026e+00,-1.500000000000000000e+00,0.000000000000000000e+00,1.863597591522293762e+00,-1.057669750668025266e+00,0.000000000000000000e+00,0.000000000000000000e+00,1.085136548840462289e+00,2.903885862769326920e+00,0.000000000000000000e+00,0.000000000000000000e+00
5.750000000000000000e+00,-2.145958320938333941e+00,-1.353786485237065795e+00,-1.500000000000000000e+00,0.000000000000000000e+00,1.911162833270763084e+00,-9.119100746549029246e-01,0.000000000000000000e+00,0.000000000000000000e+00,8.181216656201188986e-01,2.921916347386721124e+00,0.000000000000000000e+00,0.000000000000000000e+00
5.800000000000000711e+00,-2.049487243975061546e+00,-1.395730550181047969e+00,-1.500000000000000000e+00,0.000000000000000000e+00,1.945499565868463065e+00,-7.659266285065348123e-01,0.000000000000000000e+00,0.000000000000000000e+00,5.564871616216985339e-01,2.913047624969843152e+00,0.000000000000000000e+00,0.000000000000000000e+00
5.850000000000000533e+00,-1.951623238335500332e+00,-1.430397305155234111e+00,-1.500000000000000000e+00,0.000000000000000000e+00,1.966948333179907804e+00,-6.210299562700305476e-01,0.000000000000000000e+00,0.000000000000000000e+00,3.030503219707390006e-01,2.878710250191682807e+00,0.000000000000000000e+00,0.000000000000000000e+00
5.900000000000000355e+00,-1.852999367165599987e+00,-1.457872232666733270e+00,-1.500000000000000000e+00,0.000000000000000000e+00,1.975983689849772906e+00,-4.784513871771979288e-01,0.000000000000000000e+00,0.000000000000000000e+00,6.034864302323494911e-02,2.820634173219504159e+00,0.000000000000000000e+00,0.000000000000000000e+00
5.950000000000000178e+00,-1.754221920247755140e+00,-1.478300110013370805e+00,-1.500000000000000000e+00,0.000000000000000000e+00,1.973199436688482189e+00,-3.393293056185984202e-01,0.000000000000000000e+00,0.000000000000000000e+00,-1.693897231598191500e-01,2.740798669936256537e+00,0.000000000000000000e+00,0.000000000000000000e+00
6.000000000000000000e+00,-1.655864847954921171e+00,-1.491880071980314693e+00,-1.500000000000000000e+00,0.000000000000000000e+00,1.959292596772165940e+00,-2.046979837258163515e-01,0.000000000000000000e+00,0.000000000000000000e+00,-3.842667786192444090e-01,2.641380162750270433e+00,0.000000000000000000e+00,0.000000000000000000e+00
6.050000000000000711e+00,-1.558465018785719414e+00,-1.498860180796856456e+00,-1.500000000000000000e+00,0.000000000000000000e+00,1.935046568221118868e+00,-7.547904428426659151e-02,0.000000000000000000e+00,0.000000000000000000e+00,-5.827268403209261427e-01,2.524699429245547577e+00,0.000000000000000000e+00,0.000000000000000000e+00
6.100000000000000533e+00,-1.462518330954416523e+00,-1.499531635039940580e+00,-1.500000000000000000e+00,0.000000000000000000e+00,1.901313878433955384e+00,4.752445088718524474e-02,0.000000000000000000e+00,0.000000000000000000e+00,-7.635603979096050598e-01,2.393169597606623178e+00,0.000000000000000000e+00,0.000000000000000000e+00
6.150000000000000355e+00,-1.368476687798584557e+00,-1.494222747232677229e+00,-1.500000000000000000e+00,0.000000000000000000e+00,1.858998941694047335e+00,1.636313586065717418e-01,0.000000000000000000e+00,0.000000000000000000e+00,-9.259002309388651986e-01,2.249246190249931221e+00,0.000000000000000000e+00,0.000000000000000000e+00
6.200000000000000178e+00,-1.276745827451557957e+00,-1.483292814800810211e+00,-1.500000000000000000e+00,0.000000000000000000e+00,1.809041189302677655e+00,2.722833885486427019e-01,0.000000000000000000e+00,0.000000000000000000e+00,-1.069210526848054732e+00,2.095380309139440289e+00,0.000000000000000000e+00,0.000000000000000000e+00
6.250000000000000000e+00,-1.187683979758588748e+00,-1.467126001235260713e+00,-1.500000000000000000e+00,0.000000000000000000e+00,1.752398900717156982e+00,3.730437945252144671e-01,0.000000000000000000e+00,0.000000000000000000e+00,-1.193269878522183358e+00,1.933975867066295873e+00,0.000000000000000000e+00,0.000000000000000000e+00
6.300000000000000711e+00,-1.101601308134276591e+00,-1.446125334236171955e+00,-1.500000000000000000e+00,0.000000000000000000e+00,1.690034017670367206e+00,4.655940435509215436e-01,0.000000000000000000e+00,0.000000000000000000e+00,-1.298149135506233787e+00,1.767351567899050790e+00,0.000000000000000000e+00,0.000000000000000000e+00
6.350000000000000533e+00,-1.018760081202707113e+00,-1.420706915783820135e+00,-1.500000000000000000e+00,0.000000000000000000e+00,1.622898173036748881e+00,5.497287134536059661e-01,0.000000000000000000e+00,0.000000000000000000e+00,-1.384185136577118724e+00,1.597708134237008082e+00,0.000000000000000000e+00,0.000000000000000000e+00
6.400000000000000355e+00,-9.393755087707637008e-01,-1.391294426005495133e+00,-1.500000000000000000e+00,0.000000000000000000e+00,1.551920114306891474e+00,6.253488896736821845e-01,0.000000000000000000e+00,0.000000000000000000e+00,-1.451951365782731207e+00,1.427101080951963530e+00,0.000000000000000000e+00,0.000000000000000000e+00
6.450000000000000178e+00,-8.636171689863733070e-01,-1.358313988881467038e+00,-1.500000000000000000e+00,0.000000000000000000e+00,1.477994649814571737e+00,6.924543420527708992e-01,0.000000000000000000e+00,0.000000000000000000e+00,-1.502226553007798948e+00,1.257419144661651167e+00,0.000000000000000000e+00,0.000000000000000000e+00
6.500000000000000000e+00,-7.916109483861527574e-01,-1.322189453729545550e+00,-1.500000000000000000e+00,0.000000000000000000e+00,1.401973195985317666e+00,7.511347635474493467e-01,0.000000000000000000e+00,0.000000000000000000e+00,-1.535962188386657878e+00,1.090368307853490037e+00,0.000000000000000000e+00,0.000000000000000000e+00
6.550000000000000711e+00,-7.234414138041712627e-01,-1.283338132452057856e+00,-1.500000000000000000e+00,0.000000000000000000e+00,1.324655957238735304e+00,8.015603458955296023e-01,0.000000000000000000e+00,0.000000000000000000e+00,-1.554249842936586523e+00,9.274612063931415573e-01,0.000000000000000000e+00,0.000000000000000000e+00
6.600000000000000533e+00,-6.591545346097197333e-01,-1.242167019097111247e+00,-1.500000000000000000e+00,0.000000000000000000e+00,1.246785727898804819e+00,8.439719534487742925e-01,0.000000000000000000e+00,0.000000000000000000e+00,-1.558289091451452446e+00,7.700115833709975099e-01,0.000000000000000000e+00,0.000000000000000000e+00
6.650000000000000355e+00,-5.987606752238702201e-01,-1.199069505690585791e+00,-1.500000000000000000e+00,0.000000000000000000e+00,1.169043268366055210e+00,8.786711369242149461e-01,0.000000000000000000e+00,0.000000000000000000e+00,-1.549356723844132810e+00,6.191333521683329844e-01,0.000000000000000000e+00,0.000000000000000000e+00
6.700000000000000178e+00,-5.422377810623777439e-01,-1.154422596788404087e+00,-1.500000000000000000e+00,0.000000000000000000e+00,1.092044176417671819e+00,9.060102050093580273e-01,0.000000000000000000e+00,0.000000000000000000e+00,-1.528777813403066510e+00,4.757437575539666952e-01,0.000000000000000000e+00,0.000000000000000000e+00
6.750000000000000000e+00,-4.895346856680196090e-01,-1.108584614962688342e+00,-1.500000000000000000e+00,0.000000000000000000e+00,1.016337149087231051e+00,9.263825448761641157e-01,0.000000000000000000e+00,0.000000000000000000e+00,-1.497899090042659864e+00,3.405700747715705301e-01,0.000000000000000000e+00,0.000000000000000000e+00
6.800000000000000711e+00,-4.405744725349354241e-01,-1.061893380596832470e+00,-1.500000000000000000e+00,0.000000000000000000e+00,9.424035111494554195e-01,9.402133539275768781e-01,0.000000000000000000e+00,0.000000000000000000e+00,-1.458064948160398222e+00,2.141592612806338947e-01,0.000000000000000000e+00,0.000000000000000000e+00
6.850000000000000533e+00,-3.952578316891419696e-01,-1.014664841982722887e+00,-1.500000000000000000e+00,0.000000000000000000e+00,8.706578726034421845e-01,9.479509156514397406e-01,0.000000000000000000e+00,0.000000000000000000e+00,-1.410596306051296267e+00,9.688997172726809826e-02,0.000000000000000000e+00,0.000000000000000000e+00
6.900000000000000355e+00,-3.534663581972163904e-01,-9.671921258025453216e-01,-1.500000000000000000e+00,0.000000000000000000e+00,8.014497693359087238e-01,9.500585232703744332e-01,0.000000000000000000e+00,0.000000000000000000e+00,-1.356772430044645983e+00,-1.101363899193819051e-02,0.000000000000000000e+00,0.000000000000000000e+00
6.950000000000000178e+00,-3.150657471684550348e-01,-9.197449736022198508e-01,-1.500000000000000000e+00,0.000000000000000000e+00,7.350661378556375691e-01,9.470071268021301725e-01,0.000000000000000000e+00,0.000000000000000000e+00,-1.297815743917847264e+00,-1.094668701498390240e-01,0.000000000000000000e+00,0.000000000000000000e+00
7.000000000000000000e+00,-2.799088472601480859e-01,-8.725695267461150983e-01,-1.500000000000000000e+00,0.000000000000000000e+00,6.717344760122848646e-01,9.392687528628250737e-01,0.000000000000000000e+00,0.000000000000000000e+00,-1.234879564215133563e+00,-1.985086910793999460e-01,0.000000000000000000e+00,0.000000000000000000e+00
7.050000000000000711e+00,-2.478385419992084060e-01,-8.258884204887071423e-01,-1.500000000000000000e+00,0.000000000000000000e+00,6.116265463030998717e-01,9.273107225764163353e-01,0.000000000000000000e+00,0.000000000000000000e+00,-1.169038635656969083e+00,-2.782856720519620297e-01,0.000000000000000000e+00,0.000000000000000000e+00
7.100000000000000533e+00,-2.186904352204939173e-01,-7.799011470722121420e-01,-1.500000000000000000e+00,0.000000000000000000e+00,5.548624860354891553e-01,9.115906716685203692e-01,0.000000000000000000e+00,0.000000000000000000e+00,-1.101282288035010382e+00,-3.490360273489452880e-01,0.000000000000000000e+00,0.000000000000000000e+00
7.150000000000000355e+00,-1.922953234690734092e-01,-7.347846480290294302e-01,-1.500000000000000000e+00,0.000000000000000000e+00,5.015151985863327555e-01,8.925523584384594811e-01,0.000000000000000000e+00,0.000000000000000000e+00,-1.032509996467978919e+00,-4.110741082971406390e-01,0.000000000000000000e+00,0.000000000000000000e+00
7.200000000000000178e+00,-1.684814442152995362e-01,-6.906940969785577700e-01,-1.500000000000000000e+00,0.000000000000000000e+00,4.516149116314625012e-01,8.706222299233405959e-01,0.000000000000000000e+00,0.000000000000000000e+00,-9.635290998495864567e-01,-4.647756238948079210e-01,0.000000000000000000e+00,0.000000000000000000e+00
7.250000000000000000e+00,-1.470764941247841850e-01,-6.477638360161169784e-01,-1.500000000000000000e+00,0.000000000000000000e+00,4.051538009137621299e-01,8.462067041625923602e-01,0.000000000000000000e+00,0.000000000000000000e+00,-8.950544166043483685e-01,-5.105638078391219192e-01,0.000000000000000000e+00,0.000000000000000000e+00
7.300000000000000711e+00,-1.279094163669123319e-01,-6.061084311452968887e-01,-1.500000000000000000e+00,0.000000000000000000e+00,3.620905913453289493e-01,8.196901169453685299e-01,0.000000000000000000e+00,0.000000000000000000e+00,-8.277094911343673145e-01,-5.488966949062700218e-01,0.000000000000000000e+00,0.000000000000000000e+00
7.350000000000000533e+00,-1.108119600230961233e-01,-5.658238149681646956e-01,-1.500000000000000000e+00,0.000000000000000000e+00,3.223550605329420504e-01,7.914332745849332884e-01,0.000000000000000000e+00,0.000000000000000000e+00,-7.620292070911880433e-01,-5.802556179987001794e-01,0.000000000000000000e+00,0.000000000000000000e+00
7.400000000000000355e+00,-9.562001807428499589e-02,-5.269884878878552392e-01,-1.500000000000000000e+00,0.000000000000000000e+00,2.858523827916268356e-01,7.617725498849157173e-01,0.000000000000000000e+00,0.000000000000000000e+00,-6.984635133040764110e-01,-6.051349906372071041e-01,0.000000000000000000e+00,0.000000000000000000e+00
7.450000000000000178e+00,-8.217475323385703412e-02,-4.896647522872418223e-01,-1.500000000000000000e+00,0.000000000000000000e+00,2.524672640635565735e-01,7.310194562693492770e-01,0.000000000000000000e+00,0.000000000000000000e+00,-6.373820233280128589e-01,-6.240333987977598751e-01,0.000000000000000000e+00,0.000000000000000000e+00
7.500000000000000000e+00,-7.032352307793976465e-02,-4.538999574088169453e-01,-1.500000000000000000e+00,0.000000000000000000e+00,2.220678296442187283e-01,6.994606347528768975e-01,0.000000000000000000e+00,0.000000000000000000e+00,-5.790792686862499261e-01,-6.374459910371202964e-01,0.000000000000000000e+00,0.000000000000000000e+00
7.550000000000000711e+00,-5.992061756530686623e-02,-4.197277359033028121e-01,-1.500000000000000000e+00,0.000000000000000000e+00,1.945092370797412706e-01,6.673581897293745513e-01,0.000000000000000000e+00,0.000000000000000000e+00,-5.237804076619283489e-01,-6.458581268296823552e-01,0.000000000000000000e+00,0.000000000000000000e+00
7.600000000000000533e+00,-5.082782318250478326e-02,-3.871692161549547540e-01,-1.500000000000000000e+00,0.000000000000000000e+00,1.696369959289443230e-01,6.349503121672260830e-01,0.000000000000000000e+00,0.000000000000000000e+00,-4.716472147581444729e-01,-6.497402197679731373e-01,0.000000000000000000e+00,0.000000000000000000e+00
7.650000000000000355e+00,-4.291482865632212373e-02,-3.562341974745895645e-01,-1.500000000000000000e+00,0.000000000000000000e+00,1.472899842337925536e-01,6.024521324340620376e-01,0.000000000000000000e+00,0.000000000000000000e+00,-4.227841996842109928e-01,-6.495436944254461276e-01,0.000000000000000000e+00,0.000000000000000000e+00
7.700000000000000178e+00,-3.605948750405696401e-02,-3.269222780312101007e-01,-1.500000000000000000e+00,0.000000000000000000e+00,1.273031585111634723e-01,5.700567493763559757e-01,0.000000000000000000e+00,0.000000000000000000e+00,-3.772447281026810595e-01,-6.456979627996574100e-01,0.000000000000000000e+00,0.000000000000000000e+00
7.750000000000000000e+00,-3.014795270235004487e-02,-2.992239279451214262e-01,-1.500000000000000000e+00,0.000000000000000000e+00,1.095099599049344646e-01,5.379363872105598077e-01,0.000000000000000000e+00,0.000000000000000000e+00,-3.350370387168394304e-01,-6.386083178147594630e-01,0.000000000000000000e+00,0.000000000000000000e+00
7.800000000000000711e+00,-2.507469849892007829e-02,-2.731215022511923052e-01,-1.500000000000000000e+00,0.000000000000000000e+00,9.374442387852496839e-02,5.062436370385585693e-01,0.000000000000000000e+00,0.000000000000000000e+00,-2.961300720891199556e-01,-6.286546368338441493e-01,0.000000000000000000e+00,0.000000000000000000e+00
7.850000000000000533e+00,-2.074244392577573315e-02,-2.485901904687981834e-01,-1.500000000000000000e+00,0.000000000000000000e+00,7.984300457809805074e-02,4.751127451935590607e-01,0.000000000000000000e+00,0.000000000000000000e+00,-2.604590455050458941e-01,-6.161907869209652944e-01,0.000000000000000000e+00,0.000000000000000000e+00
7.900000000000000355e+00,-1.706199194140012310e-02,-2.255989012721282272e-01,-1.500000000000000000e+00,0.000000000000000000e+00,6.764612785225421199e-02,4.446609160081611001e-01,0.000000000000000000e+00,0.000000000000000000e+00,-2.279307250238050142e-01,-6.015446251656879628e-01,0.000000000000000000e+00,0.000000000000000000e+00
7.950000000000000178e+00,-1.395199737384000827e-02,-2.041110822341616893e-01,-1.500000000000000000e+00,0.000000000000000000e+00,5.699948897919079882e-02,4.149896018436845524e-01,0.000000000000000000e+00,0.000000000000000000e+00,-1.984283604756132691e-01,-5.850184912052504016e-01,0.000000000000000000e+00,0.000000000000000000e+00
8.000000000000000000e+00,-1.133867599915383551e-02,-1.840854758639248745e-01,-1.500000000000000000e+00,0.000000000000000000e+00,4.775511254920723064e-02,3.861857582282186563e-01,0.000000000000000000e+00,0.000000000000000000e+00,-1.718162615952661954e-01,-5.668900946619646053e-01,0.000000000000000000e+00,0.000000000000000000e+00
8.050000000000000711e+00,-9.155466191787642316e-03,-1.654768141286673544e-01,-1.500000000000000000e+00,0.000000000000000000e+00,3.977219276971911271e-02,3.583230466486849730e-01,0.000000000000000000e+00,0.000000000000000000e+00,-1.479440037783413264e-01,-5.474137071245525066e-01,0.000000000000000000e+00,0.000000000000000000e+00
8.099999999999999645e+00,-7.342653661363218731e-03,-1.482364544277101626e-01,-1.500000000000000000e+00,0.000000000000000000e+00,3.291773282335025419e-02,3.314629718666647906e-01,0.000000000000000000e+00,0.000000000000000000e+00,-1.266502602756880980e-01,-5.268215761419146048e-01,0.000000000000000000e+00,0.000000000000000000e+00
8.150000000000000355e+00,-5.846968857103673756e-03,-1.323129605386227092e-01,-1.500000000000000000e+00,0.000000000000000000e+00,2.706700189749115457e-02,3.056559445458230662e-01,0.000000000000000000e+00,0.000000000000000000e+00,-1.077662641707113622e-01,-5.053254871292777173e-01,0.000000000000000000e+00,0.000000000000000000e+00
8.200000000000001066e+00,-4.621165696162332637e-03,-1.176526324231426390e-01,-1.500000000000000000e+00,0.000000000000000000e+00,2.210382820566483830e-02,2.809422634672611996e-01,0.000000000000000000e+00,0.000000000000000000e+00,-9.111890843340175739e-02,-4.831184078253082936e-01,0.000000000000000000e+00,0.000000000000000000e+00
8.250000000000000000e+00,-3.623589368795698817e-03,-1.041999889945914026e-01,-1.500000000000000000e+00,0.000000000000000000e+00,1.792074581242701636e-02,2.573530146536353591e-01,0.000000000000000000e+00,0.000000000000000000e+00,-7.653349594458799809e-02,-4.603761587280256196e-01,0.000000000000000000e+00,0.000000000000000000e+00
8.300000000000000711e+00,-2.817740098518761727e-03,-9.189820801459538946e-02,-1.500000000000000000e+00,0.000000000000000000e+00,1.441901241270708914e-02,2.349108873393449815e-01,0.000000000000000000e+00,0.000000000000000000e+00,-6.383615386510016476e-02,-4.372590615833460426e-01,0.000000000000000000e+00,0.000000000000000000e+00
8.349999999999999645e+00,-2.171838896061428770e-03,-8.068952722623844165e-02,-1.500000000000000000e+00,0.000000000000000000e+00,1.150851445323224954e-02,2.136309089058290867e-01,0.000000000000000000e+00,0.000000000000000000e+00,-5.285592830548242749e-02,-4.139135263334522974e-01,0.000000000000000000e+00,0.000000000000000000e+00
8.400000000000000355e+00,-1.658400547911886846e-03,-7.051561069265957493e-02,-1.500000000000000000e+00,0.000000000000000000e+00,9.107575163584850225e-03,1.935211026848040194e-01,0.000000000000000000e+00,0.000000000000000000e+00,-4.342657615989837377e-02,-3.904735448219480154e-01,0.000000000000000000e+00,0.000000000000000000e+00
8.450000000000001066e+00,-1.253818322033861676e-03,-6.131788406098488686e-02,-1.500000000000000000e+00,0.000000000000000000e+00,7.142680206317550060e-03,1.745830739286157729e-01,0.000000000000000000e+00,0.000000000000000000e+00,-3.538807137087048721e-02,-3.670620668965030031e-01,0.000000000000000000e+00,0.000000000000000000e+00
8.500000000000000000e+00,-9.379641605935518101e-04,-5.303784219794673710e-02,-1.500000000000000000e+00,0.000000000000000000e+00,5.548134792078919519e-03,1.568125302964765988e-01,0.000000000000000000e+00,0.000000000000000000e+00,-2.858784298074836319e-02,-3.437922412693734664e-01,0.000000000000000000e+00,0.000000000000000000e+00
8.550000000000000711e+00,-6.938074579632136363e-04,-4.561733228829664005e-02,-1.500000000000000000e+00,0.000000000000000000e+00,4.265665237370300580e-03,1.401997439324481898e-01,0.000000000000000000e+00,0.000000000000000000e+00,-2.288176221544292385e-02,-3.207685095386582641e-01,0.000000000000000000e+00,0.000000000000000000e+00
8.599999999999999645e+00,-5.070548955501408273e-04,-3.899881513562774432e-02,-1.500000000000000000e+00,0.000000000000000000e+00,3.243977086566640893e-03,1.247299626532324540e-01,0.000000000000000000e+00,0.000000000000000000e+00,-1.813489566817911777e-02,-2.980875471061353865e-01,0.000000000000000000e+00,0.000000000000000000e+00
8.650000000000000355e+00,-3.658132197603691793e-04,-3.312560701284045228e-02,-1.500000000000000000e+00,0.000000000000000000e+00,2.438281069865500146e-03,1.103837779616241993e-01,0.000000000000000000e+00,0.000000000000000000e+00,-1.422204147277011596e-02,-2.758390493244014530e-01,0.000000000000000000e+00,0.000000000000000000e+00
8.700000000000001066e+00,-2.602763072379055131e-04,-2.794210403597692516e-02,-1.500000000000000000e+00,0.000000000000000000e+00,1.809797328608437478e-03,9.713745758202066427e-02,0.000000000000000000e+00,0.000000000000000000e+00,-1.102806524354866050e-02,-2.541063650831003051e-01,0.000000000000000000e+00,0.000000000000000000e+00
8.750000000000000000e+00,-1.824373603822593282e-04,-2.339399063341459153e-02,-1.500000000000000000e+00,0.000000000000000000e+00,1.325247499972313434e-03,8.496325002642814150e-02,0.000000000000000000e+00,0.000000000000000000e+00,-8.448052532765894934e-03,-2.329669831948369130e-01,0.000000000000000000e+00,0.000000000000000000e+00
8.800000000000000711e+00,-1.258266181760614444e-04,-1.942843334369829394e-02,-1.500000000000000000e+00,0.000000000000000000e+00,9.563434159841494855e-04,7.382966835993642896e-02,0.000000000000000000e+00,0.000000000000000000e+00,-6.387294638776171672e-03,-2.124928794092467432e-01,0.000000000000000000e+00,0.000000000000000000e+00
8.849999999999999645e+00,-8.527455006768214218e-05,-1.599426079737801404e-02,-1.500000000000000000e+00,0.000000000000000000e+00,6.792803243200682935e-04,6.370175990397138055e-02,0.000000000000000000e+00,0.000000000000000000e+00,-4.761124762045198036e-03,-1.927507336993693199e-01,0.000000000000000000e+00,0.000000000000000000e+00
8.900000000000000355e+00,-5.670012710545790924e-05,-1.304213043992299634e-02,-1.500000000000000000e+00,0.000000000000000000e+00,4.742416843984960753e-04,5.454136809247860096e-02,0.000000000000000000e+00,0.000000000000000000e+00,-3.494621741839125991e-03,-1.738020286738261866e-01,0.000000000000000000e+00,0.000000000000000000e+00
8.950000000000001066e+00,-3.692343315275792293e-05,-1.052468223360305058e-02,-1.500000000000000000e+00,0.000000000000000000e+00,3.249217230555400174e-04,4.630739214165718182e-02,0.000000000000000000e+00,0.000000000000000000e+00,-2.522198863258540407e-03,-1.557030406416699819e-01,0.000000000000000000e+00,0.000000000000000000e+00
9.000000000000000000e+00,-2.350159202357815502e-05,-8.396679328527074243e-03,-1.500000000000000000e+00,0.000000000000000000e+00,2.180710542986966083e-04,3.895604960401340133e-02,0.000000000000000000e+00,0.000000000000000000e+00,-1.787095467321216276e-03,-1.385047350453212367e-01,0.000000000000000000e+00,0.000000000000000000e+00
9.050000000000000711e+00,-1.458674319709807321e-05,-6.615135434607028603e-03,-1.500000000000000000e+00,0.000000000000000000e+00,1.430697755761275807e-04,3.244114630207328709e-02,0.000000000000000000e+00,0.000000000000000000e+00,-1.240789267016359065e-03,-1.222525777576878719e-01,0.000000000000000000e+00,0.000000000000000000e+00
9.099999999999999645e+00,-8.804600718947952487e-06,-5.139428434745971566e-03,-1.500000000000000000e+00,0.000000000000000000e+00,9.153155654573224458e-05,2.671435757166565339e-02,0.000000000000000000e+00,0.000000000000000000e+00,-8.423473263982887314e-04,-1.069862731924744320e-01,0.000000000000000000e+00,0.000000000000000000e+00
9.150000000000000355e+00,-5.151976385953105364e-06,-3.931399574600675552e-03,-1.500000000000000000e+00,0.000000000000000000e+00,5.694134001134006274e-05,2.172552421493470151e-02,0.000000000000000000e+00,0.000000000000000000e+00,-5.577335404175359519e-04,-9.273943936451450876e-02,0.000000000000000000e+00,0.000000000000000000e+00
9.200000000000001066e+00,-2.911539630723325445e-06,-2.955437432101820031e-03,-1.500000000000000000e+00,0.000000000000000000e+00,3.432839072921310458e-05,1.742296608483084874e-02,0.000000000000000000e+00,0.000000000000000000e+00,-3.590901239815145682e-04,-7.953922904346233391e-02,0.000000000000000000e+00,0.000000000000000000e+00
9.250000000000000000e+00,-1.582021298185409819e-06,-2.178545705638595779e-03,-1.500000000000000000e+00,0.000000000000000000e+00,1.997556528343881661e-05,1.375381578905427414e-02,0.000000000000000000e+00,0.000000000000000000e+00,-2.240100314075729585e-04,-6.740590503113938481e-02,0.000000000000000000e+00,0.000000000000000000e+00
9.300000000000000711e+00,-8.220457679009030016e-07,-1.570393781164895579e-03,-1.500000000000000000e+00,0.000000000000000000e+00,1.116485118676995654e-05,1.066437463201960929e-02,0.000000000000000000e+00,0.000000000000000000e+00,-1.348163621857071033e-04,-5.635237643499239890e-02,0.000000000000000000e+00,0.000000000000000000e+00
9.349999999999999645e+00,-4.057929841039253915e-07,-1.103348896822668301e-03,-1.500000000000000000e+00,0.000000000000000000e+00,5.958447992206016217e-06,8.100492596811927071e-03,0.000000000000000000e+00,0.000000000000000000e+00,-7.786363564124559487e-05,-4.638370165468094775e-02,0.000000000000000000e+00,0.000000000000000000e+00
9.400000000000000355e+00,-1.887464156080653765e-07,-7.524886786877116578e-04,-1.500000000000000000e+00,0.000000000000000000e+00,3.013955279380930566e-06,6.007973911424600508e-03,0.000000000000000000e+00,0.000000000000000000e+00,-4.287433774253044544e-05,-3.749656269425790528e-02,0.000000000000000000e+00,0.000000000000000000e+00
9.450000000000001066e+00,-8.187072220167124215e-08,-4.955927360820538106e-04,-1.500000000000000000e+00,0.000000000000000000e+00,1.431605446931031342e-06,4.333009539579763328e-03,0.000000000000000000e+00,0.000000000000000000e+00,-2.232235388121267116e-05,-2.967871440362098920e-02,0.000000000000000000e+00,0.000000000000000000e+00
9.500000000000000000e+00,-3.267969228559763906e-08,-3.131119222745822029e-04,-1.500000000000000000e+00,0.000000000000000000e+00,6.309492969443302016e-07,3.022637777322653620e-03,0.000000000000000000e+00,0.000000000000000000e+00,-1.087282440152480743e-05,-2.290841135612003282e-02,0.000000000000000000e+00,0.000000000000000000e+00
9.550000000000000711e+00,-1.179560760178333112e-08,-1.881138543151555714e-04,-1.500000000000000000e+00,0.000000000000000000e+00,2.539830540527631804e-07,2.025234023672688264e-03,0.000000000000000000e+00,0.000000000000000000e+00,-4.885628732377458958e-06,-1.715381430855300246e-02,0.000000000000000000e+00,0.000000000000000000e+00
9.600000000000001421e+00,-3.759705213823849590e-09,-1.062031813354830058e-04,-1.500000000000000000e+00,0.000000000000000000e+00,9.140771266985809408e-08,1.291030710539661048e-03,0.000000000000000000e+00,0.000000000000000000e+00,-1.987164112958116714e-06,-1.237237756469261943e-02,0.000000000000000000e+00,0.000000000000000000e+00
9.650000000000000355e+00,-1.023610973760469278e-09,-5.541509358162015878e-05,-1.500000000000000000e+00,0.000000000000000000e+00,2.854499160191715896e-08,7.726683220446331577e-04,0.000000000000000000e+00,0.000000000000000000e+00,-7.124072454349254482e-07,-8.510218069423080081e-03,0.000000000000000000e+00,0.000000000000000000e+00
9.700000000000001066e+00,-2.267304122227642438e-10,-2.608047640023350279e-05,-1.500000000000000000e+00,0.000000000000000000e+00,7.403002466779828700e-09,4.257784071149803740e-04,0.000000000000000000e+00,0.000000000000000000e+00,-2.165120829945782580e-07,-5.501466699485538930e-03,0.000000000000000000e+00,0.000000000000000000e+00
9.750000000000000000e+00,-3.788636071533346694e-11,-1.066109923569821621e-05,-1.500000000000000000e+00,0.000000000000000000e+00,1.489707145758273384e-09,2.095994671073545153e-04,0.000000000000000000e+00,0.000000000000000000e+00,-5.251211017709168230e-08,-3.267601949815291708e-03,0.000000000000000000e+00,0.000000000000000000e+00
9.800000000000000711e+00,-4.208189352539193351e-12,-3.553170732670724999e-06,-1.500000000000000000e+00,0.000000000000000000e+00,2.075681808719545773e-10,8.762660022053930429e-05,0.000000000000000000e+00,0.000000000000000000e+00,-9.185589290416914187e-09,-1.716766045955918103e-03,0.000000000000000000e+00,0.000000000000000000e+00
9.850000000000001421e+00,-2.451372438372345641e-13,-8.575475786486175455e-07,-1.500000000000000000e+00,0.000000000000000000e+00,1.617665047023498934e-11,2.829577776149393064e-05,0.000000000000000000e+00,0.000000000000000000e+00,-9.585755063747962501e-10,-7.430634011444661388e-04,0.000000000000000000e+00,0.000000000000000000e+00
9.900000000000000355e+00,-4.440892098500626162e-15,-1.148443064324034416e-07,-1.500000000000000000e+00,0.000000000000000000e+00,4.366873996350964155e-13,5.703644523624594208e-06,0.000000000000000000e+00,0.000000000000000000e+00,-3.897876403420956773e-11,-2.258412802963571237e-04,0.000000000000000000e+00,0.000000000000000000e+00
9.950000000000001066e+00,0.000000000000000000e+00,-3.649501069035312472e-09,-1.500000000000000000e+00,0.000000000000000000e+00,8.849652401867808944e-16,3.637340653337748324e-07,0.000000000000000000e+00,0.000000000000000000e+00,-1.586431067929700776e-13,-2.895250279599191059e-05,0.000000000000000000e+00,0.000000000000000000e+00
